<keymap version="1" name="macOS copy 1" parent="Mac OS X 10.5+">
  <action id="EditorDeleteLine" />
  <action id="EditorDeleteToWordEnd">
    <keyboard-shortcut first-keystroke="meta delete" />
  </action>
  <action id="EditorDeleteToWordEndInDifferentHumpsMode">
    <keyboard-shortcut first-keystroke="alt delete" />
  </action>
  <action id="EditorDeleteToWordStart">
    <keyboard-shortcut first-keystroke="meta back_space" />
  </action>
  <action id="EditorDeleteToWordStartInDifferentHumpsMode">
    <keyboard-shortcut first-keystroke="alt back_space" />
  </action>
  <action id="EditorLineEnd">
    <keyboard-shortcut first-keystroke="ctrl e" />
    <keyboard-shortcut first-keystroke="end" />
  </action>
  <action id="EditorLineEndWithSelection">
    <keyboard-shortcut first-keystroke="shift end" />
  </action>
  <action id="EditorLineStart">
    <keyboard-shortcut first-keystroke="ctrl a" />
    <keyboard-shortcut first-keystroke="home" />
  </action>
  <action id="EditorLineStartWithSelection">
    <keyboard-shortcut first-keystroke="shift home" />
  </action>
  <action id="EditorNextWord">
    <keyboard-shortcut first-keystroke="ctrl alt f" />
    <keyboard-shortcut first-keystroke="meta right" />
  </action>
  <action id="EditorNextWordInDifferentHumpsMode">
    <keyboard-shortcut first-keystroke="alt right" />
  </action>
  <action id="EditorNextWordInDifferentHumpsModeWithSelection">
    <keyboard-shortcut first-keystroke="shift alt right" />
  </action>
  <action id="EditorNextWordWithSelection">
    <keyboard-shortcut first-keystroke="shift ctrl alt f" />
    <keyboard-shortcut first-keystroke="shift meta right" />
  </action>
  <action id="EditorPreviousWord">
    <keyboard-shortcut first-keystroke="ctrl alt b" />
    <keyboard-shortcut first-keystroke="meta left" />
  </action>
  <action id="EditorPreviousWordInDifferentHumpsMode">
    <keyboard-shortcut first-keystroke="alt left" />
  </action>
  <action id="EditorPreviousWordInDifferentHumpsModeWithSelection">
    <keyboard-shortcut first-keystroke="shift alt left" />
  </action>
  <action id="EditorPreviousWordWithSelection">
    <keyboard-shortcut first-keystroke="shift ctrl alt b" />
    <keyboard-shortcut first-keystroke="shift meta left" />
  </action>
  <action id="NavBar-selectHome">
    <keyboard-shortcut first-keystroke="ctrl a" />
    <keyboard-shortcut first-keystroke="home" />
  </action>
  <action id="SafeDelete" />
</keymap>