<keymap version="1" name="macOS copy" parent="Mac OS X 10.5+">
  <action id="$Cut">
    <keyboard-shortcut first-keystroke="meta x" />
  </action>
  <action id="ActivateBigDataToolWindowToolWindow">
    <keyboard-shortcut first-keystroke="shift ctrl meta b" />
  </action>
  <action id="Arrangement.Alias.Rule.Add">
    <keyboard-shortcut first-keystroke="meta n" />
  </action>
  <action id="Arrangement.Rule.Add">
    <keyboard-shortcut first-keystroke="meta n" />
  </action>
  <action id="Back">
    <keyboard-shortcut first-keystroke="meta open_bracket" />
    <keyboard-shortcut first-keystroke="meta alt left" />
    <mouse-shortcut keystroke="button4" />
    <keyboard-shortcut first-keystroke="ctrl meta left" />
    <keyboard-shortcut first-keystroke="ctrl 1" />
  </action>
  <action id="CodeCompletion">
    <keyboard-shortcut first-keystroke="ctrl space" />
    <keyboard-shortcut first-keystroke="meta space" />
  </action>
  <action id="CollapseAll">
    <keyboard-shortcut first-keystroke="meta minus" />
  </action>
  <action id="CollapseExpandableComponent">
    <keyboard-shortcut first-keystroke="shift enter" />
    <keyboard-shortcut first-keystroke="meta minus" />
  </action>
  <action id="CollapseRegion" />
  <action id="CollapseRegionRecursively">
    <keyboard-shortcut first-keystroke="meta alt subtract" />
    <keyboard-shortcut first-keystroke="meta alt minus" />
    <keyboard-shortcut first-keystroke="ctrl z" />
  </action>
  <action id="Console.Execute.Multiline" />
  <action id="Console.SplitLine" />
  <action id="CopyElement" />
  <action id="DatabaseView.DataSourceCutAction">
    <keyboard-shortcut first-keystroke="meta x" />
  </action>
  <action id="DatabaseView.Tools">
    <keyboard-shortcut first-keystroke="alt enter" />
  </action>
  <action id="Debug">
    <keyboard-shortcut first-keystroke="ctrl d" />
    <keyboard-shortcut first-keystroke="f6" />
  </action>
  <action id="Diff.ApplyLeftSide" />
  <action id="Diff.ApplyRightSide" />
  <action id="DirDiffMenu.SynchronizeDiff.All" />
  <action id="Docker.RemoteServers.StartComposeService" />
  <action id="Docker.RemoteServers.StartContainer" />
  <action id="EditSource">
    <keyboard-shortcut first-keystroke="meta down" />
    <keyboard-shortcut first-keystroke="f4" />
    <keyboard-shortcut first-keystroke="ctrl back_quote" />
    <keyboard-shortcut first-keystroke="meta back_quote" />
  </action>
  <action id="EditorCut">
    <keyboard-shortcut first-keystroke="meta x" />
  </action>
  <action id="EditorDeleteLine">
    <keyboard-shortcut first-keystroke="shift delete" />
    <keyboard-shortcut first-keystroke="shift meta back_space" />
  </action>
  <action id="EditorDeleteToWordEnd">
    <keyboard-shortcut first-keystroke="meta delete" />
  </action>
  <action id="EditorDeleteToWordEndInDifferentHumpsMode">
    <keyboard-shortcut first-keystroke="alt delete" />
  </action>
  <action id="EditorDeleteToWordStart">
    <keyboard-shortcut first-keystroke="meta back_space" />
  </action>
  <action id="EditorDeleteToWordStartInDifferentHumpsMode">
    <keyboard-shortcut first-keystroke="alt back_space" />
  </action>
  <action id="EditorDuplicate" />
  <action id="EditorDuplicateLines">
    <keyboard-shortcut first-keystroke="meta d" />
  </action>
  <action id="EditorLineEnd">
    <keyboard-shortcut first-keystroke="end" />
  </action>
  <action id="EditorLineEndWithSelection">
    <keyboard-shortcut first-keystroke="shift end" />
  </action>
  <action id="EditorLineStart">
    <keyboard-shortcut first-keystroke="ctrl a" />
    <keyboard-shortcut first-keystroke="home" />
  </action>
  <action id="EditorLineStartWithSelection">
    <keyboard-shortcut first-keystroke="shift home" />
  </action>
  <action id="EditorNextWord">
    <keyboard-shortcut first-keystroke="ctrl alt f" />
    <keyboard-shortcut first-keystroke="meta right" />
  </action>
  <action id="EditorNextWordInDifferentHumpsMode">
    <keyboard-shortcut first-keystroke="alt right" />
  </action>
  <action id="EditorNextWordInDifferentHumpsModeWithSelection">
    <keyboard-shortcut first-keystroke="shift alt right" />
  </action>
  <action id="EditorNextWordWithSelection">
    <keyboard-shortcut first-keystroke="shift ctrl alt f" />
    <keyboard-shortcut first-keystroke="shift meta right" />
  </action>
  <action id="EditorPreviousWord">
    <keyboard-shortcut first-keystroke="ctrl alt b" />
    <keyboard-shortcut first-keystroke="meta left" />
  </action>
  <action id="EditorPreviousWordInDifferentHumpsMode">
    <keyboard-shortcut first-keystroke="alt left" />
  </action>
  <action id="EditorPreviousWordInDifferentHumpsModeWithSelection">
    <keyboard-shortcut first-keystroke="shift alt left" />
  </action>
  <action id="EditorPreviousWordWithSelection">
    <keyboard-shortcut first-keystroke="shift ctrl alt b" />
    <keyboard-shortcut first-keystroke="shift meta left" />
  </action>
  <action id="EditorSplitLine" />
  <action id="Exit" />
  <action id="ExpandAll">
    <keyboard-shortcut first-keystroke="meta equals" />
  </action>
  <action id="ExpandExpandableComponent">
    <keyboard-shortcut first-keystroke="shift enter" />
    <keyboard-shortcut first-keystroke="meta equals" />
  </action>
  <action id="ExpandRegion">
    <keyboard-shortcut first-keystroke="meta equals" />
  </action>
  <action id="FileChooser.LightEditGotoOpenedFile">
    <keyboard-shortcut first-keystroke="shift meta back_quote" />
  </action>
  <action id="Forward">
    <keyboard-shortcut first-keystroke="meta close_bracket" />
    <keyboard-shortcut first-keystroke="meta alt right" />
    <mouse-shortcut keystroke="button5" />
    <keyboard-shortcut first-keystroke="ctrl meta right" />
    <keyboard-shortcut first-keystroke="ctrl 2" />
  </action>
  <action id="Generate">
    <keyboard-shortcut first-keystroke="meta n" />
  </action>
  <action id="GotoBookmark1" />
  <action id="GotoBookmark2" />
  <action id="GotoFile">
    <keyboard-shortcut first-keystroke="shift meta o" />
    <keyboard-shortcut first-keystroke="f12" />
  </action>
  <action id="Graph.RouteEdges" />
  <action id="JumpToLastChange" />
  <action id="JumpToLastWindow" />
  <action id="KotlinShellExecute" />
  <action id="Maven.Uml.Exclude" />
  <action id="Move" />
  <action id="NavBar-selectHome">
    <keyboard-shortcut first-keystroke="ctrl a" />
    <keyboard-shortcut first-keystroke="home" />
  </action>
  <action id="NewElement">
    <keyboard-shortcut first-keystroke="meta n" />
  </action>
  <action id="NextWindow">
    <keyboard-shortcut first-keystroke="ctrl e" />
  </action>
  <action id="PreviousWindow" />
  <action id="ProblemsView.QuickFixes">
    <keyboard-shortcut first-keystroke="alt enter" />
    <keyboard-shortcut first-keystroke="ctrl enter" />
  </action>
  <action id="QuickChangeScheme" />
  <action id="QuickJavaDoc">
    <keyboard-shortcut first-keystroke="f1" />
    <keyboard-shortcut first-keystroke="ctrl j" />
    <mouse-shortcut keystroke="control button2" />
    <keyboard-shortcut first-keystroke="meta q" />
  </action>
  <action id="Rerun">
    <keyboard-shortcut first-keystroke="meta r" />
    <keyboard-shortcut first-keystroke="f5" />
  </action>
  <action id="Resume">
    <keyboard-shortcut first-keystroke="meta alt r" />
  </action>
  <action id="SafeDelete" />
  <action id="ServiceView.AddService">
    <keyboard-shortcut first-keystroke="meta n" />
  </action>
  <action id="SetShortcutAction">
    <keyboard-shortcut first-keystroke="alt enter" />
  </action>
  <action id="ShowIntentionActions">
    <keyboard-shortcut first-keystroke="alt enter" />
    <keyboard-shortcut first-keystroke="ctrl enter" />
  </action>
  <action id="SplitChooser.Duplicate" />
  <action id="Terminal.OpenInTerminal">
    <keyboard-shortcut first-keystroke="shift ctrl meta t" />
  </action>
  <action id="Terminal.SmartCommandExecution.Run" />
  <action id="Uml.NewElement">
    <keyboard-shortcut first-keystroke="meta n" />
  </action>
  <action id="UsageView.Remove">
    <keyboard-shortcut first-keystroke="meta x" />
  </action>
  <action id="ViewSource" />
</keymap>